{"t30v_base_FIXED": {"ann": 8.339509966204318, "sharpe": 0.73, "mdd": 19.32, "total": 373.02, "trades": 1128, "yrs": 19.40041067761807, "size": 4.5}, "t30v_egate_only": {"ann": 8.904242898325055, "sharpe": 0.77, "mdd": 18.54, "total": 423.22, "trades": 895, "yrs": 19.40041067761807, "size": 4.5}}