{"no_nearhigh": {"ann": 6.6828360349698634, "sharpe": 0.51, "mdd": 19.56, "total": 83.68, "trades": 599, "yrs": 9.399041752224504, "size": 4.5}, "no_dwap": {"ann": 7.513472289944456, "sharpe": 0.63, "mdd": 15.91, "total": 97.57, "trades": 543, "yrs": 9.399041752224504, "size": 4.5}, "no_gates": {"ann": 9.439362591552559, "sharpe": 0.75, "mdd": 15.09, "total": 133.45, "trades": 585, "yrs": 9.399041752224504, "size": 4.5}, "no_volw": {"ann": 10.874913898472949, "sharpe": 0.77, "mdd": 20.64, "total": 163.87, "trades": 541, "yrs": 9.399041752224504, "size": 4.5}, "trail40": {"ann": 7.1820957514156625, "sharpe": 0.55, "mdd": 22.4, "total": 91.92, "trades": 505, "yrs": 9.399041752224504, "size": 4.5}, "m250": {"ann": 10.70800571338031, "sharpe": 0.8, "mdd": 18.77, "total": 160.16, "trades": 526, "yrs": 9.399041752224504, "size": 4.5}, "m120_250": {"ann": 10.7635762239094, "sharpe": 0.8, "mdd": 18.88, "total": 161.39, "trades": 525, "yrs": 9.399041752224504, "size": 4.5}, "hold_inf": {"ann": 9.849322306304531, "sharpe": 0.74, "mdd": 17.95, "total": 141.8, "trades": 522, "yrs": 9.399041752224504, "size": 4.5}, "m250_hold_inf": {"ann": 10.70800571338031, "sharpe": 0.8, "mdd": 18.77, "total": 160.16, "trades": 526, "yrs": 9.399041752224504, "size": 4.5}, "no_quality": {"ann": 7.993042549836082, "sharpe": 0.56, "mdd": 17.79, "total": 106.01, "trades": 636, "yrs": 9.399041752224504, "size": 4.5}, "no_filters_at_all": {"ann": 7.712816612040196, "sharpe": 0.59, "mdd": 18.55, "total": 101.04, "trades": 598, "yrs": 9.399041752224504, "size": 4.5}, "m250_no_filters": {"ann": 9.883112793987792, "sharpe": 0.66, "mdd": 20.05, "total": 142.5, "trades": 715, "yrs": 9.399041752224504, "size": 4.5}, "m250_nf_disp0": {"ann": 6.6221326743924, "sharpe": 0.38, "mdd": 46.5, "total": 82.7, "trades": 2167, "yrs": 9.399041752224504, "size": 4.5}, "m250_nf_disp10": {"ann": 8.589721640476998, "sharpe": 0.45, "mdd": 42.41, "total": 116.96, "trades": 1316, "yrs": 9.399041752224504, "size": 4.5}, "t30v_disp10": {"ann": 10.025041587174144, "sharpe": 0.64, "mdd": 28.07, "total": 145.46, "trades": 822, "yrs": 9.399041752224504, "size": 4.5}, "m250_nf_nocarry": {"ann": 8.803085416654334, "sharpe": 0.58, "mdd": 25.13, "total": 121.0, "trades": 4590, "yrs": 9.399041752224504, "size": 4.5}, "t30v_m250_nocarry": {"ann": 5.299174084073277, "sharpe": 0.45, "mdd": 25.32, "total": 62.47, "trades": 4277, "yrs": 9.399041752224504, "size": 4.5}, "m250_nf_nocarry_noreg": {"ann": 12.29664201123699, "sharpe": 0.69, "mdd": 24.67, "total": 197.44, "trades": 4919, "yrs": 9.399041752224504, "size": 4.5}, "t30v_noregime": {"ann": 0.7664294097244451, "sharpe": 0.13, "mdd": 36.65, "total": 7.44, "trades": 143, "yrs": 9.399041752224504, "size": 4.5}, "t30v_refresh60": {"ann": 10.709363882352307, "sharpe": 0.73, "mdd": 26.87, "total": 160.19, "trades": 516, "yrs": 9.399041752224504, "size": 4.5}, "t30v_refresh40": {"ann": 7.84890068042694, "sharpe": 0.54, "mdd": 32.86, "total": 103.44, "trades": 524, "yrs": 9.399041752224504, "size": 4.5}, "t30v_refresh30": {"ann": 9.093656721054245, "sharpe": 0.62, "mdd": 36.01, "total": 126.61, "trades": 517, "yrs": 9.399041752224504, "size": 4.5}, "t30v_refresh60_bull": {"ann": 11.331860282750018, "sharpe": 0.76, "mdd": 26.85, "total": 174.27, "trades": 515, "yrs": 9.399041752224504, "size": 4.5}, "t30v_refresh40_bull": {"ann": 8.325034918415941, "sharpe": 0.57, "mdd": 32.88, "total": 112.04, "trades": 524, "yrs": 9.399041752224504, "size": 4.5}, "t30v_refresh60_factor": {"ann": 10.464915177120005, "sharpe": 0.69, "mdd": 26.47, "total": 154.84, "trades": 524, "yrs": 9.399041752224504, "size": 4.5}, "t30v_refresh40_factor": {"ann": 8.589721640476998, "sharpe": 0.58, "mdd": 27.92, "total": 116.96, "trades": 531, "yrs": 9.399041752224504, "size": 4.5}, "t30v_base_FIXED": {"ann": 10.16827972273262, "sharpe": 0.75, "mdd": 18.55, "total": 148.48, "trades": 521, "yrs": 9.399041752224504, "size": 4.5}, "t30v_drop60_egate": {"ann": 8.867874341420867, "sharpe": 0.62, "mdd": 24.76, "total": 122.24, "trades": 402, "yrs": 9.399041752224504, "size": 4.5}, "t30v_egate_only": {"ann": 13.344767834151416, "sharpe": 0.96, "mdd": 17.44, "total": 224.58, "trades": 423, "yrs": 9.399041752224504, "size": 4.5}, "t30v_ban1": {"ann": 10.16827972273262, "sharpe": 0.75, "mdd": 18.55, "total": 148.48, "trades": 521, "yrs": 9.399041752224504, "size": 4.5}, "t30v_ban2": {"ann": 10.205492536549809, "sharpe": 0.76, "mdd": 18.72, "total": 149.27, "trades": 521, "yrs": 9.399041752224504, "size": 4.5}, "t30v_ban4": {"ann": 10.266500027045034, "sharpe": 0.76, "mdd": 18.53, "total": 150.57, "trades": 520, "yrs": 9.399041752224504, "size": 4.5}, "t30v_smartreentry": {"ann": 8.767943198653505, "sharpe": 0.65, "mdd": 22.09, "total": 120.33, "trades": 772, "yrs": 9.399041752224504, "size": 4.5}, "t30v_bearkeep50": {"ann": 10.713890101831058, "sharpe": 0.71, "mdd": 22.67, "total": 160.29, "trades": 404, "yrs": 9.399041752224504, "size": 4.5}, "t30v_smart_keep50": {"ann": 10.124809795238932, "sharpe": 0.68, "mdd": 25.63, "total": 147.56, "trades": 580, "yrs": 9.399041752224504, "size": 4.5}, "t30v_cooldown10": {"ann": 10.025041587174144, "sharpe": 0.75, "mdd": 22.51, "total": 145.46, "trades": 358, "yrs": 9.399041752224504, "size": 4.5}}