{"t30v_base_FIXED": {"ann": 8.339509966204318, "sharpe": 0.73, "mdd": 19.32, "total": 373.02, "trades": 1128, "yrs": 19.40041067761807, "size": 4.5}, "t30v_istop8": {"ann": 8.73048473009732, "sharpe": 0.74, "mdd": 20.63, "total": 407.26, "trades": 1344, "yrs": 19.40041067761807, "size": 4.5}, "t30v_istop12": {"ann": 8.782734241727063, "sharpe": 0.75, "mdd": 22.87, "total": 412.01, "trades": 1216, "yrs": 19.40041067761807, "size": 4.5}, "t30v_istop15": {"ann": 8.792035631715311, "sharpe": 0.76, "mdd": 18.27, "total": 412.86, "trades": 1170, "yrs": 19.40041067761807, "size": 4.5}, "t30v_istop20": {"ann": 8.744610124926933, "sharpe": 0.76, "mdd": 18.44, "total": 408.54, "trades": 1150, "yrs": 19.40041067761807, "size": 4.5}}