{"t30v_base_FIXED": {"ann": 10.16827972273262, "sharpe": 0.75, "mdd": 18.55, "total": 148.48, "trades": 521, "yrs": 9.399041752224504, "size": 4.5}, "t30v_istop8": {"ann": 10.792398598780228, "sharpe": 0.78, "mdd": 18.09, "total": 162.03, "trades": 674, "yrs": 9.399041752224504, "size": 4.5}, "t30v_istop12": {"ann": 11.594415761554355, "sharpe": 0.84, "mdd": 17.49, "total": 180.41, "trades": 580, "yrs": 9.399041752224504, "size": 4.5}, "t30v_istop15": {"ann": 10.780246839340046, "sharpe": 0.8, "mdd": 17.65, "total": 161.76, "trades": 545, "yrs": 9.399041752224504, "size": 4.5}, "t30v_istop20": {"ann": 10.851198761405723, "sharpe": 0.81, "mdd": 17.58, "total": 163.34, "trades": 537, "yrs": 9.399041752224504, "size": 4.5}}