{
  "best_params": {
    "trail": 25.0,
    "hard_stop": 9.0,
    "target": 40,
    "max_hold": 45,
    "be_trig": 0,
    "key_rev": false,
    "vol_mult": 1.5
  },
  "best_t1": {
    "n": 774,
    "mean": 4.952170090222608,
    "median": 1.6954981120283763,
    "win": 54.52196382428941,
    "sharpe": 0.3075856630831825
  },
  "best_t2": {
    "n": 1422,
    "mean": 1.3645170834396727,
    "median": -3.574635694424255,
    "win": 43.67088607594937,
    "sharpe": 0.07909001018154538
  },
  "baseline_t1": {
    "n": 774,
    "mean": 1.0665482856740771,
    "median": 0.21479150411947714,
    "win": 51.162790697674424,
    "sharpe": 0.11975764758033075
  },
  "baseline_t2": {
    "n": 1422,
    "mean": 0.3566051292719796,
    "median": -1.4149305664329035,
    "win": 43.60056258790436,
    "sharpe": 0.036516348620447794
  },
  "top8": [
    {
      "t1": {
        "n": 774,
        "mean": 4.952170090222608,
        "median": 1.6954981120283763,
        "win": 54.52196382428941,
        "sharpe": 0.3075856630831825
      },
      "t2": {
        "n": 1422,
        "mean": 1.3645170834396727,
        "median": -3.574635694424255,
        "win": 43.67088607594937,
        "sharpe": 0.07909001018154538
      },
      "p": {
        "trail": 25.0,
        "hard_stop": 9.0,
        "target": 40,
        "max_hold": 45,
        "be_trig": 0,
        "key_rev": false,
        "vol_mult": 1.5
      }
    },
    {
      "t1": {
        "n": 774,
        "mean": 5.430903929084168,
        "median": 1.3094817729481902,
        "win": 52.84237726098191,
        "sharpe": 0.30684435733874704
      },
      "t2": {
        "n": 1422,
        "mean": 1.585885451923438,
        "median": -6.070561445423317,
        "win": 42.54571026722925,
        "sharpe": 0.08705238919194337
      },
      "p": {
        "trail": 23.0,
        "hard_stop": 9.0,
        "target": 40,
        "max_hold": 60,
        "be_trig": 0,
        "key_rev": false,
        "vol_mult": 1.5
      }
    },
    {
      "t1": {
        "n": 774,
        "mean": 5.430903929084168,
        "median": 1.3094817729481902,
        "win": 52.84237726098191,
        "sharpe": 0.30684435733874704
      },
      "t2": {
        "n": 1422,
        "mean": 1.585885451923438,
        "median": -6.070561445423317,
        "win": 42.54571026722925,
        "sharpe": 0.08705238919194337
      },
      "p": {
        "trail": 23.0,
        "hard_stop": 9.0,
        "target": 40,
        "max_hold": 60,
        "be_trig": 0,
        "key_rev": false,
        "vol_mult": 1.5
      }
    },
    {
      "t1": {
        "n": 774,
        "mean": 5.430903929084168,
        "median": 1.3094817729481902,
        "win": 52.84237726098191,
        "sharpe": 0.30684435733874704
      },
      "t2": {
        "n": 1422,
        "mean": 1.585885451923438,
        "median": -6.070561445423317,
        "win": 42.54571026722925,
        "sharpe": 0.08705238919194337
      },
      "p": {
        "trail": 23.0,
        "hard_stop": 9.0,
        "target": 40,
        "max_hold": 60,
        "be_trig": 0,
        "key_rev": false,
        "vol_mult": 1.5
      }
    },
    {
      "t1": {
        "n": 774,
        "mean": 5.430903929084168,
        "median": 1.3094817729481902,
        "win": 52.84237726098191,
        "sharpe": 0.30684435733874704
      },
      "t2": {
        "n": 1422,
        "mean": 1.585885451923438,
        "median": -6.070561445423317,
        "win": 42.54571026722925,
        "sharpe": 0.08705238919194337
      },
      "p": {
        "trail": 23.0,
        "hard_stop": 9.0,
        "target": 40,
        "max_hold": 60,
        "be_trig": 0,
        "key_rev": false,
        "vol_mult": 1.5
      }
    },
    {
      "t1": {
        "n": 774,
        "mean": 5.430903929084168,
        "median": 1.3094817729481902,
        "win": 52.84237726098191,
        "sharpe": 0.30684435733874704
      },
      "t2": {
        "n": 1422,
        "mean": 1.585885451923438,
        "median": -6.070561445423317,
        "win": 42.54571026722925,
        "sharpe": 0.08705238919194337
      },
      "p": {
        "trail": 23.0,
        "hard_stop": 9.0,
        "target": 40,
        "max_hold": 60,
        "be_trig": 0,
        "key_rev": false,
        "vol_mult": 1.5
      }
    },
    {
      "t1": {
        "n": 774,
        "mean": 5.430903929084168,
        "median": 1.3094817729481902,
        "win": 52.84237726098191,
        "sharpe": 0.30684435733874704
      },
      "t2": {
        "n": 1422,
        "mean": 1.585885451923438,
        "median": -6.070561445423317,
        "win": 42.54571026722925,
        "sharpe": 0.08705238919194337
      },
      "p": {
        "trail": 23.0,
        "hard_stop": 9.0,
        "target": 40,
        "max_hold": 60,
        "be_trig": 0,
        "key_rev": false,
        "vol_mult": 1.5
      }
    },
    {
      "t1": {
        "n": 774,
        "mean": 5.430903929084168,
        "median": 1.3094817729481902,
        "win": 52.84237726098191,
        "sharpe": 0.30684435733874704
      },
      "t2": {
        "n": 1422,
        "mean": 1.585885451923438,
        "median": -6.070561445423317,
        "win": 42.54571026722925,
        "sharpe": 0.08705238919194337
      },
      "p": {
        "trail": 23.0,
        "hard_stop": 9.0,
        "target": 40,
        "max_hold": 60,
        "be_trig": 0,
        "key_rev": false,
        "vol_mult": 1.5
      }
    }
  ]
}